et	1909
in	708
est	396
ad	372
autem	183
ut	182
de	180
ejus	171
quae	170
qui	168
quod	167
cum	164
non	163
sunt	157
deus	155
eum	141
me	131
filii	123
terram	119
terra	117
super	114
mihi	111
jacob	109
ei	108
ait	105
dominus	104
te	103
dixit	92
quoque	88
joseph	88
tibi	86
abraham	85
dixitque	80
eo	76
genuit	76
quam	75
nomen	71
suum	67
patris	65
enim	65
ego	64
eos	63
si	63
illius	63
terrae	62
eam	62
ergo	61
isaac	61
respondit	59
filium	58
dicens	57
esau	57
cumque	57
erat	56
tui	55
meum	55
post	54
vero	54
ex	54
omnes	53
sed	51
ille	51
a	49
suo	49
suis	49
quia	49
ipse	48
ibi	46
mei	46
abram	46
annis	46
quo	45
chanaan	45
pater	45
dies	45
pro	44
tuum	43
tua	43
uxorem	43
sui	42
filios	42
ne	42
ecce	42
septem	42
quem	41
fratres	41
nos	39
hoc	39
usque	38
igitur	38
inter	38
mea	38
quid	38
eorum	37
domini	37
tuo	37
filias	37
coram	36
at	36
illi	35
sicut	35
es	35
sum	34
dux	34
patrem	34
haec	34
esset	34
aegypti	33
domino	33
ab	32
per	32
postquam	32
meus	32
semen	32
tu	31
die	31
meam	31
omnia	31
omnem	30
quos	30
filius	30
locutus	30
meo	30
eis	30
suam	30
nobis	29
quibus	29
laban	29
sit	29
itaque	29
aquae	29
dei	29
nec	29
vocavit	29
illa	28
peperit	28
erant	28
domus	28
juxta	28
se	28
mi	27
hi	27
rachel	27
lot	27
atque	27
fratribus	27
fratrem	27
inquit	27
vixit	27
erit	26
suae	26
propter	26
caeli	26
nunc	25
venit	25
dedit	25
omni	25
cui	25
cunctis	25
egressus	24
loco	24
vos	24
tempore	24
sua	23
uxor	23
tuus	23
manu	23
ita	23
suos	23
vobis	23
fratris	22
tulit	22
domum	22
ac	22
adam	22
illum	22
vidit	22
annorum	22
dominum	22
contra	22
sibi	21
fecit	21
esse	21
frater	21
tuam	21
cuncta	21
tecum	20
quinque	20
ubi	20
filio	20
donec	20
ante	20
mane	20
oves	20
qua	20
apud	20
quando	20
fuit	20
centum	20
somnium	19
rex	19
filia	19
inde	19
illo	19
omnibus	19
aegyptum	19
mortuus	19
abimelech	19
faciem	19
domine	19
sara	19
hanc	19
filiis	19
anni	18
manum	18
mecum	18
omne	17
etiam	17
filiorum	17
decem	17
servus	17
ob	17
viri	17
locum	17
uxores	17
triginta	17
diebus	17
greges	17
quasi	17
fili	16
benjamin	16
oculos	16
pharao	16
isti	16
idcirco	16
judas	16
dabo	16
nocte	16
simul	16
anima	16
patri	16
filiae	16
vitae	16
vobiscum	16
tuae	16
dixerunt	16
nachor	16
domo	16
appellavit	16
sic	15
duo	15
adhuc	15
nomine	15
ultra	15
tuis	15
quadraginta	15
uxoris	15
cujus	15
vocavitque	15
ea	15
deum	15
factum	15
sub	15
universa	15
cain	15
responderunt	14
servi	14
meae	14
vocem	14
pharaonis	14
tantum	14
numquid	14
filiam	14
sem	14
gratiam	14
vidisset	14
mulier	14
aegypto	14
ingressus	14
rem	14
quidquam	14
his	14
vestrum	14
sarai	13
abiit	13
puteum	13
vir	13
absque	13
hic	13
iste	13
sichem	13
deo	13
malum	13
posuit	13
agro	13
valde	13
en	13
tuorum	13
tuos	13
homo	13
meos	13
munera	12
conspectu	12
antequam	12
rebecca	12
misit	12
habebat	12
regem	12
camelos	12
jam	12
suas	12
vidi	12
boves	12
eas	12
loci	12
habitavit	12
animam	12
patre	12
ruben	12
viginti	12
tam	12
quare	12
tres	12
apparuit	12
manus	12
meis	11
arcam	11
bethel	11
manibus	11
deditque	11
pecuniam	11
arca	11
rursumque	11
cur	11
universae	11
semini	11
facies	11
facti	11
quas	11
bonum	11
fames	11
ipsa	11
populum	11
dicentes	11
altare	11
omnis	11
edom	11
generationes	11
sumus	11
ephraim	11
unus	11
nisi	11
aquam	11
puer	11
venerunt	11
diem	11
facie	11
virum	11
nimis	11
vixitque	11
benedixitque	11
secundum	11
pactum	11
hominem	11
da	10
vespere	10
ovium	10
aut	10
simeon	10
hae	10
ephron	10
quis	10
isto	10
fecisti	10
henoch	10
hac	10
foras	10
monte	10
puerum	10
foedus	10
substantiam	10
viro	10
animae	10
id	10
mambre	10
num	10
viam	10
vestri	10
cham	9
genus	9
caput	9
ancillam	9
agar	9
praecepit	9
unum	9
abrahae	9
japheth	9
tabernaculum	9
videns	9
benedixit	9
soror	9
lamech	9
pharaoni	9
praeceperat	9
facere	9
audisset	9
lia	9
heth	9
forte	9
unde	9
seir	9
invenit	9
misericordiam	9
faciam	9
e	9
duces	9
quinquaginta	9
pecora	9
carnem	9
vester	9
major	9
fac	9
erunt	9
caelum	9
primogenitus	9
nostri	9
benedicam	9
nostra	9
pastores	9
facta	8
nequaquam	8
suus	8
obsecro	8
thare	8
animantibus	8
surge	8
gessen	8
aedificavit	8
porro	8
illis	8
creavit	8
tempus	8
gentem	8
duodecim	8
concepit	8
maris	8
vestra	8
eodem	8
multiplicabo	8
heber	8
oculis	8
hodie	8
nati	8
quoniam	8
sint	8
fontem	8
prius	8
possessionem	8
adoravit	8
noli	8
timere	8
fuerit	8
nolite	8
suorum	8
flevit	8
aquas	8
homines	8
abel	8
itinere	8
urbem	8
anno	8
secundo	8
fuerint	8
civitatis	8
rursum	8
factus	8
nostrum	8
reversus	8
liae	8
caro	8
universam	8
regis	8
benedicat	7
mulierem	7
servos	7
bersabee	7
bona	7
pariter	7
noster	7
civitatem	7
seth	7
ada	7
hemor	7
universis	7
appellavitque	7
dixi	7
fratre	7
hujus	7
oculi	7
uno	7
sororem	7
viditque	7
viventem	7
sodomam	7
oolibama	7
septuaginta	7
sodomorum	7
praecepitque	7
mali	7
ipso	7
ligno	7
gregibus	7
prae	7
accepit	7
asinos	7
spelunca	7
liberis	7
praesentem	7
matris	7
caelo	7
mortuum	7
saram	7
tradidit	7
sexaginta	7
rebeccae	7
exaudivit	7
cibos	7
gregem	7
surrexit	7
syriae	7
camelis	7
angelus	7
habitabat	7
medio	7
haran	7
fratri	7
senectute	7
panem	7
dexteram	7
aliud	7
vestibus	7
mesopotamia	7
levi	6
vis	6
duas	6
gentes	6
moriar	6
generationibus	6
habitare	6
magnam	6
adducite	6
ore	6
prope	6
aran	6
pallium	6
filiabus	6
regione	6
vivit	6
istum	6
diluvii	6
os	6
regionem	6
segor	6
duobus	6
solitudine	6
tunc	6
peccatum	6
diluvium	6
estis	6
viros	6
an	6
vinum	6
mater	6
hominum	6
minimus	6
primogenita	6
omnipotens	6
juravit	6
basemath	6
servis	6
audivi	6
potest	6
urbis	6
mutuo	6
duos	6
puero	6
convivium	6
benedictionibus	6
mortua	6
fiat	6
populo	6
arphaxad	6
genere	6
eris	6
foederis	6
fuerunt	6
habeo	6
accipies	6
seorsum	6
subter	6
populi	6
via	6
fecerat	6
testis	6
quippe	6
opere	6
dan	6
mensis	6
sebeon	6
fuerat	6
princeps	6
alter	6
diei	6
septimo	6
gentium	6
morte	6
illos	6
benedictionem	6
nosti	6
introduxit	6
postea	6
possum	6
novem	6
pergens	6
quidquid	6
annos	6
alterum	6
eliphaz	6
heri	6
pone	6
tertio	6
uxore	6
tolle	6
volucres	6
servum	6
lapidem	6
illuc	6
regnavit	6
minor	6
hydriam	6
carne	6
obviam	6
duxit	6
tribus	6
earum	6
interrogavit	6
nomina	6
ovibus	6
huc	6
populus	6
signum	5
bathuel	5
gomorrhae	5
benedictus	5
sim	5
phaleg	5
frumenta	5
nongenti	5
agri	5
dormivit	5
audi	5
ingredere	5
vocatum	5
dolore	5
asinis	5
multos	5
firmamento	5
poterat	5
illam	5
substantia	5
militum	5
sale	5
vehementer	5
multiplicamini	5
inveni	5
mense	5
malaleel	5
nobiscum	5
ligna	5
ista	5
singulis	5
jared	5
voluptatis	5
patrum	5
armenta	5
animantia	5
nihil	5
meorum	5
spiritus	5
statim	5
consurgens	5
videret	5
jumenta	5
populos	5
aegyptii	5
balae	5
servorum	5
parvulos	5
adsum	5
habere	5
gregis	5
viventis	5
crescite	5
pacifici	5
loquar	5
liam	5
cibum	5
sin	5
desuper	5
octingentis	5
panis	5
feminam	5
venatione	5
nostro	5
fecerunt	5
mansit	5
dedi	5
titulum	5
exploratores	5
potum	5
hebron	5
nuntiavit	5
paradiso	5
crescere	5
stellas	5
femore	5
loqui	5
ingressi	5
vestris	5
vadam	5
quaeso	5
senex	5
quadringentis	5
her	5
paradisi	5
utrum	5
divisit	5
bibere	5
volatilibus	5
tollens	5
ascendit	5
videbo	5
venite	5
veni	5
enos	5
sanguinem	5
imaginem	5
pedes	5
vestro	5
cognovit	5
nonaginta	5
liberos	5
chodorlahomor	5
faciamus	5
possumus	5
mortuo	5
dimisit	5
rahuel	5
reges	5
circa	5
obtulit	5
agrum	5
affer	5
statuam	5
fratrum	5
herbam	5
octoginta	5
fuerant	5
partem	5
occursum	5
profectus	5
esto	5
utero	5
reversusque	5
manasse	5
sermo	5
vino	5
regiones	5
sela	5
ancillae	5
lapis	5
veneruntque	5
dierum	5
nostris	5
factumque	5
ero	5
semine	5
mulieres	5
virgas	5
sinistram	5
tulitque	5
aspectu	5
aqua	5
masculum	5
viris	5
spicae	5
unam	5
necessaria	5
feci	5
pretium	5
ostium	5
itineris	5
galaad	5
omnium	5
causam	4
multis	4
nonne	4
nostram	4
possitis	4
adversus	4
quocumque	4
evigilans	4
has	4
ipsum	4
zabulon	4
sennaar	4
duae	4
vide	4
locuti	4
egressa	4
vade	4
sol	4
dixerit	4
cisternam	4
lucem	4
egressi	4
fructu	4
hominis	4
ancillas	4
firmamentum	4
palaestinorum	4
una	4
prior	4
ascendentes	4
coepit	4
pauxillum	4
benedicentur	4
principis	4
invenisset	4
ostendit	4
egredere	4
vestros	4
inaures	4
narravit	4
praeputii	4
potestate	4
collum	4
pueris	4
maledictus	4
universas	4
tabernacula	4
recordatus	4
sepeli	4
nativitatis	4
justum	4
vescendum	4
unius	4
tenues	4
hunc	4
pronus	4
alium	4
faceret	4
fecistis	4
montem	4
orientalem	4
quomodo	4
bibe	4
duplici	4
invocavit	4
puellam	4
saccos	4
vivere	4
habet	4
mesopotamiam	4
issachar	4
zara	4
invenimus	4
minimum	4
melcha	4
regionis	4
lotan	4
stare	4
iratus	4
homine	4
quatuor	4
adae	4
habens	4
videntis	4
servivi	4
extra	4
cainan	4
escas	4
sepulchri	4
auribus	4
genuitque	4
cucurrit	4
comedit	4
pascebat	4
benedicens	4
peregrinatus	4
constitui	4
dimitte	4
eroque	4
sedit	4
sis	4
nephthali	4
vocabitur	4
movetur	4
magna	4
sex	4
species	4
ponam	4
nam	4
quin	4
aliis	4
canalibus	4
auditis	4
accidit	4
aser	4
ducit	4
date	4
sarug	4
aurum	4
columbam	4
procul	4
comedi	4
inveniam	4
accipe	4
tuas	4
core	4
secum	4
risit	4
onan	4
meridiem	4
peregrinationis	4
marito	4
gomorrham	4
dison	4
cibaria	4
volucribus	4
ire	4
saba	4
egredientur	4
tumulus	4
reu	4
patres	4
tamen	4
rursus	4
audite	4
puella	4
aliae	4
varios	4
transactis	4
verba	4
dicentem	4
ana	4
sepelierunt	4
bene	4
fecitque	4
mercedem	4
verbis	4
vel	4
cordis	4
parvuli	4
vestrae	4
facias	4
natique	4
abyssi	4
locus	4
uterque	4
carcere	4
thamar	4
scio	4
grande	4
essent	4
pincernarum	4
scilicet	4
pecunia	4
hethaei	4
sepeliam	4
similitudinem	4
nubibus	4
jordanem	4
portantes	4
aegyptiis	4
vidisti	4
vestras	4
inventi	4
somnis	4
sarae	4
panes	4
septena	4
quidem	4
arcus	4
manuum	4
venistis	4
noverat	4
habuit	4
bina	4
gad	4
eritque	4
totidem	4
arcae	4
invenire	4
bestias	4
venire	4
juda	4
acciderat	4
primo	4
deos	4
lignum	4
delebo	4
inferos	3
statimque	3
gladium	3
domui	3
nuntiaverunt	3
respexit	3
elon	3
attulit	3
inopiae	3
benedictione	3
educ	3
praesens	3
jamque	3
duplicem	3
fenestram	3
libenter	3
inimicorum	3
peccati	3
cubitorum	3
paradisum	3
habitatores	3
holocausti	3
tritici	3
ihelon	3
chus	3
imperium	3
daboque	3
revertar	3
somnia	3
civitates	3
revertebatur	3
necdum	3
matri	3
trecentis	3
osculatus	3
jura	3
haeres	3
forsitan	3
sorore	3
alimenta	3
ipsius	3
dadan	3
ephratam	3
tergum	3
necesse	3
portam	3
operatus	3
nudus	3
audivit	3
faciens	3
aram	3
descendam	3
poterant	3
semel	3
pulverem	3
alba	3
vice	3
responderuntque	3
exercitus	3
foribus	3
dimittam	3
armillas	3
inundaverunt	3
natus	3
protulit	3
quemcumque	3
quantum	3
montes	3
sobal	3
vulvam	3
feceris	3
oppidum	3
mundis	3
volatile	3
parere	3
chaldaeorum	3
theman	3
gregum	3
manasses	3
veritatem	3
istae	3
stabat	3
plaustra	3
aperuit	3
adduxit	3
locis	3
vox	3
holocaustum	3
effectus	3
somnii	3
eritis	3
venitque	3
reptile	3
tenebam	3
pulchra	3
canos	3
bestiis	3
argenti	3
anae	3
maculosos	3
omnesque	3
agis	3
quicumque	3
comedes	3
responditque	3
interpretatio	3
madian	3
habetis	3
faciat	3
nationes	3
perrexit	3
recede	3
carcerem	3
impleverat	3
ducentis	3
alioquin	3
putei	3
concubina	3
puteos	3
potero	3
devoravit	3
gerarae	3
donavit	3
ligni	3
sepultus	3
pecorum	3
emerat	3
plenus	3
arietes	3
pistorum	3
uxoribus	3
emite	3
possimus	3
carnis	3
phares	3
egrediebatur	3
videbitis	3
pueri	3
replete	3
emisit	3
thamna	3
phicol	3
reversique	3
judae	3
mandragoris	3
invenero	3
jussit	3
vivat	3
aeternum	3
deinceps	3
eser	3
nervum	3
ur	3
jehus	3
fugeret	3
vestram	3
reduxero	3
profugus	3
uxori	3
tunica	3
viderunt	3
pascam	3
sementem	3
intulit	3
nostras	3
serpens	3
tacitus	3
fecisset	3
appositus	3
venissent	3
percussae	3
plenae	3
pharaonem	3
persecutus	3
angeli	3
chananaeorum	3
judicet	3
putiphare	3
horrea	3
ponamque	3
magno	3
egredietur	3
neque	3
pereas	3
veniat	3
universo	3
magnus	3
ancilla	3
puteo	3
erisque	3
revertere	3
prospera	3
planctus	3
tentorium	3
conceptus	3
dans	3
hevila	3
haedum	3
conceptum	3
rege	3
heliopoleos	3
sensit	3
corde	3
scyphum	3
dixisti	3
custos	3
habes	3
octo	3
plagam	3
judam	3
venimus	3
fueruntque	3
juramenti	3
seboim	3
comedam	3
principio	3
aseneth	3
ambo	3
orientem	3
masculus	3
humo	3
mittam	3
ingressa	3
servo	3
sodomis	3
accipias	3
mathusala	3
alienos	3
festinans	3
nostros	3
sanguine	3
hydria	3
timeo	3
servituti	3
cave	3
faciamque	3
iterum	3
hauriendam	3
foderant	3
advena	3
concepitque	3
erga	3
respondimus	3
aquarum	3
pulchritudinem	3
fugit	3
coxit	3
operaretur	3
aegyptus	3
det	3
meridie	3
iter	3
jobab	3
gladio	3
ivit	3
uni	3
sacco	3
tradidi	3
bestia	3
veniam	3
universos	3
disan	3
comede	3
bathuelis	3
valet	3
idola	3
dederunt	3
vinculis	3
singulos	3
gentibus	3
melchae	3
saltem	3
virorum	3
praepositus	3
cito	3
poterit	3
morieris	3
circumcidit	3
sororis	3
ibique	3
audierit	3
divisitque	3
majoris	3
saccorum	3
adoraverunt	3
priusquam	3
tulerunt	3
factique	3
tollite	3
cognatione	3
abite	3
sur	3
nuntiatum	3
magis	3
partibus	3
nullus	3
balam	3
ordinem	3
moventur	3
valle	3
scire	3
agricola	3
morior	3
reptant	3
testimonium	3
ambulo	3
argentum	3
bela	3
hos	3
vere	3
volunt	3
tria	3
ite	3
manipulos	3
illud	3
reptili	3
cuncti	3
pulvis	3
similiter	3
zelphae	3
videntes	3
irruit	3
abiisset	3
vidimus	3
multitudine	3
reddere	3
habitavitque	3
videre	3
sepho	3
apparuerunt	3
accessit	3
morietur	3
irent	3
abundantia	3
animas	3
emerent	3
ubertatis	3
respondens	3
loquimini	3
aliquid	3
possessiones	3
timui	3
venisset	3
cenez	3
noluerit	3
populorum	3
pulmentum	3
solus	3
geraris	3
pulchrae	3
ingressae	3
cameli	3
surgens	3
rachelis	3
dic	3
circumcidetur	3
diximus	3
pariet	3
separavit	3
remansit	3
inquiunt	3
erexit	3
sue	3
praeter	3
sacerdotis	3
tabernaculi	3
facite	3
cades	3
adducam	3
bibendum	3
grege	3
veniret	3
oriente	3
jectan	3
nabaioth	3
duxerunt	3
tondendas	2
jurgium	2
vehementissime	2
manipulum	2
claudebatur	2
tetigerit	2
alias	2
circuitum	2
maritus	2
dicetis	2
gomer	2
trecentos	2
viduitatis	2
voluisti	2
venator	2
aedificavitque	2
mulieri	2
aperuitque	2
parvulus	2
intrinsecus	2
suarum	2
maledicam	2
sacci	2
numquam	2
civitas	2
regni	2
concidit	2
fons	2
latitudo	2
hethaeo	2
spopondi	2
portas	2
linguam	2
quintam	2
scrutatus	2
fluvius	2
femoris	2
vultus	2
possunt	2
percusseruntque	2
rei	2
cunctos	2
phanuel	2
fluminis	2
fluvio	2
dina	2
ineamus	2
comparet	2
macie	2
dicentium	2
moab	2
miserat	2
videtur	2
appellabatur	2
divisae	2
ingrediaris	2
ingredimini	2
furor	2
stuprum	2
victimis	2
magnitudine	2
clam	2
irad	2
interficiam	2
turrim	2
reliquit	2
voci	2
tabernaculis	2
javan	2
pepererunt	2
venientibus	2
sermone	2
bonis	2
nominibus	2
loquebatur	2
ingresso	2
venissemus	2
pinguedine	2
imposuisti	2
aegyptiam	2
adjutor	2
alia	2
placuit	2
induit	2
furata	2
sempiternum	2
nemrod	2
regma	2
impleti	2
mille	2
afflictionem	2
possides	2
protinus	2
sumite	2
coxerat	2
indica	2
tabernaculo	2
manendum	2
argenteis	2
frumenti	2
capere	2
omnemque	2
bala	2
quingentis	2
jecsan	2
sanguis	2
capris	2
samma	2
custodia	2
sorori	2
propagines	2
indignatio	2
dormivitque	2
ebal	2
parvulis	2
sermonibus	2
robustus	2
missus	2
juvenes	2
littore	2
ponebat	2
mandata	2
retro	2
fertilitatis	2
filiarum	2
matrem	2
mittens	2
jumentis	2
bethlehem	2
imperio	2
fame	2
nocti	2
absit	2
chale	2
perterritus	2
hujuscemodi	2
divisa	2
peccare	2
praeceperam	2
cervicibus	2
audito	2
assumptis	2
odollamitem	2
avunculi	2
transissent	2
undecim	2
merces	2
omnique	2
impio	2
cetera	2
paries	2
accrescens	2
immundis	2
condita	2
dicit	2
plus	2
dederis	2
escol	2
oramus	2
placet	2
inimicitias	2
aves	2
violenter	2
repleta	2
masculini	2
furto	2
vernaculos	2
constitue	2
noctem	2
dispensatori	2
laboribus	2
virentem	2
nongentorum	2
emarcuit	2
varia	2
carceris	2
capiti	2
bestiarum	2
dabimus	2
triticum	2
alios	2
vallis	2
agnas	2
juramentum	2
quindecim	2
famulae	2
ascendisti	2
ortus	2
benedixerit	2
mandragoras	2
terras	2
arietum	2
furti	2
praebe	2
deposuit	2
foris	2
indicasti	2
senem	2
boni	2
quadringentos	2
pastorum	2
mares	2
excederet	2
minorem	2
imminutae	2
cernens	2
venundetur	2
capite	2
mesraim	2
vi	2
sepulta	2
futurum	2
visionem	2
ignem	2
hauriam	2
luminare	2
regionibus	2
extenditque	2
plurimum	2
benedictiones	2
virentia	2
apprehensam	2
audivimus	2
viderim	2
venient	2
deficiente	2
invenisti	2
rore	2
captivas	2
diceret	2
dives	2
eduxit	2
sacculis	2
poterimus	2
servierim	2
tentoriis	2
crevit	2
innocens	2
hus	2
verenda	2
nahath	2
vives	2
surrexisset	2
tribuam	2
priori	2
captum	2
capras	2
percutiam	2
revertimini	2
fui	2
benedixerat	2
vasis	2
veterem	2
edisserat	2
fixit	2
aromatibus	2
vehementi	2
voluntate	2
respicit	2
saccis	2
doloris	2
odii	2
scientiae	2
familiae	2
multarum	2
mortis	2
salis	2
aetatis	2
quatuordecim	2
sermonum	2
ager	2
clamavit	2
hevaei	2
haberent	2
cessassent	2
tenebantur	2
opus	2
poculum	2
unusquisque	2
furatus	2
inveneris	2
facto	2
parte	2
elevatis	2
chananaeus	2
bibit	2
cognationem	2
somniorum	2
recessit	2
fugere	2
ambulavit	2
assur	2
audias	2
regibus	2
portandum	2
agris	2
majore	2
moratus	2
maxime	2
placuerit	2
emitque	2
deorsum	2
adad	2
preces	2
liberi	2
scito	2
facientem	2
maculosa	2
optimum	2
modicum	2
servitutem	2
visitabit	2
occurreret	2
operuerat	2
lignumque	2
generatione	2
decorus	2
revertens	2
morem	2
habitantes	2
ferebatur	2
scapula	2
hesron	2
moriatur	2
coeperat	2
habita	2
ascendam	2
saul	2
pascebantur	2
magnae	2
iniquitate	2
habebit	2
ipsi	2
irascaris	2
convallem	2
ponti	2
salva	2
pacifice	2
secundi	2
coeperunt	2
messis	2
praesentibus	2
apparebit	2
profectusque	2
vocabisque	2
partes	2
percusserunt	2
pars	2
profecti	2
sequebantur	2
festinavit	2
muneribus	2
fructum	2
masculos	2
aner	2
annulum	2
nudiustertius	2
comesturi	2
hircos	2
requiram	2
suscipe	2
meas	2
monumenti	2
sella	2
salutem	2
mittet	2
murum	2
veniens	2
sitis	2
fuisset	2
minimo	2
vadis	2
seni	2
erimus	2
syri	2
cruce	2
ignis	2
descendentes	2
minus	2
surgite	2
concipiens	2
amorrhaeum	2
decora	2
luminaria	2
lux	2
incurvati	2
comitatu	2
imple	2
modum	2
vendidistis	2
sita	2
speluncam	2
nomenque	2
denuntiavit	2
dedisti	2
vendiderunt	2
vocabulis	2
primogenitum	2
fera	2
crescas	2
pergam	2
votum	2
durius	2
tubalcain	2
loqueretur	2
dolorem	2
abscondit	2
accersito	2
dem	2
dicebat	2
tumulum	2
serviens	2
comedat	2
dixerat	2
vix	2
horraei	2
quidnam	2
loquaris	2
calicem	2
judicium	2
sepelias	2
putabam	2
loquatur	2
fructibus	2
amne	2
sepulchro	2
dixistis	2
septuplum	2
iniquitatem	2
festinate	2
cecidit	2
regnum	2
save	2
modica	2
invenitque	2
dixero	2
obstetrix	2
sexus	2
siclos	2
utrem	2
accede	2
abundantiam	2
scyphus	2
dure	2
causa	2
meza	2
prospere	2
iratusque	2
orbe	2
urbibus	2
nurus	2
pulchrum	2
pepercisti	2
statuit	2
clementer	2
vagus	2
oriebantur	2
vigesimo	2
imposuit	2
dabis	2
posuitque	2
feminas	2
fluvium	2
tenebras	2
extremos	2
officio	2
venirem	2
ascendere	2
habeat	2
castra	2
interficient	2
ejusdem	2
masculinum	2
justos	2
opera	2
clamor	2
angelum	2
regi	2
residui	2
custodierit	2
vitem	2
ingrederetur	2
mathusalam	2
trade	2
emamus	2
vesperam	2
recto	2
uvas	2
urbium	2
loquebantur	2
ministris	2
numerare	2
thamnas	2
spatium	2
senes	2
descenderuntque	2
culmo	2
vita	2
increpavit	2
aetate	2
audiens	2
nuptias	2
tenetur	2
eratque	2
possederat	2
pessima	2
recordabor	2
minime	2
lassus	2
vendidit	2
asinas	2
seor	2
venerat	2
ministrabat	2
adorare	2
principes	2
nato	2
convalle	2
patribus	2
subverteret	2
semina	2
natu	2
ausi	2
leva	2
oleum	2
habito	2
stirpe	2
arbee	2
nostis	2
oro	2
confiteri	2
amalech	2
audientibus	2
reliquos	2
emit	2
trium	2
gemini	2
congregatis	2
accipite	2
cognationes	2
habebis	2
temporis	2
reversa	2
dicito	2
altera	2
cunctas	2
sedecim	2
confidenter	2
multiplicatus	2
spiraculum	2
arbore	2
singulorum	2
animantium	2
perfectus	2
dominam	2
passus	2
novissimis	2
ducentas	2
somno	2
pane	2
agnovisset	2
assyrios	2
obiit	2
advenerat	2
lateres	2
vernaculus	2
sciam	2
videlicet	2
vocatumque	2
eduxitque	2
egresso	2
venerit	2
noctibus	2
adolescentia	2
comederes	2
absente	2
reducas	2
invasit	2
sermones	2
festinus	2
superficie	2
ascendebat	2
amabat	2
comedissent	2
tuli	2
sumptus	2
sume	2
oppressura	2
dimittite	2
adducat	2
implevit	2
amorrhaei	2
vicibus	2
generationem	2
cunctae	2
fortis	2
reus	2
cunctorumque	2
genuisset	2
aquis	2
justitiam	2
civitate	2
decimas	2
manserunt	2
do	2
socius	2
priorum	2
plantavit	2
cessavit	2
proni	2
juste	2
beria	2
fiant	2
descenditque	2
fodi	2
videatur	2
factusque	2
domibus	2
vitulum	2
timor	2
dictumque	2
cataractae	2
pace	2
arenam	2
accipiemus	2
pergebant	2
sto	2
sciscitatus	2
gestis	2
vultum	2
illuderet	2
perduxit	2
deserto	2
serotina	2
generum	2
indicavit	2
percussit	2
quaeque	2
tertius	2
pastu	2
virentibus	2
fodit	2
praeesset	2
possident	2
arietem	2
comite	2
peperitque	2
argenteos	2
odor	2
lavate	2
sterilis	2
aperiens	2
socero	2
scissis	2
cognationibus	2
macilentae	2
justus	2
sciens	2
terror	2
montium	2
sexcentesimo	2
occidentem	2
arioch	2
respondi	2
dinam	2
volens	2
philisthiim	2
primogeniti	2
portans	2
foetas	2
alteri	2
melius	2
oppido	2
inopia	2
cernitis	2
proficiscere	2
adorassent	2
magister	2
terminis	2
pertinent	2
opes	2
cogitatio	2
socoth	2
moriamur	2
niniven	2
introierunt	2
inclytus	2
habitu	2
descende	2
peccavimus	2
cunctarum	2
arcum	2
pueros	2
perrexitque	2
tradita	2
ostio	2
famis	2
comederunt	2
ferte	2
accipere	2
manassen	2
retrorsum	2
summitate	2
habeam	2
venientes	2
moreretur	2
portabat	2
diligebat	2
elevasset	2
conjugem	2
perrexeris	2
abierunt	2
sermonem	2
calumniam	2
provinciae	2
fleret	2
raphaim	2
optimis	2
sidonem	2
luza	2
salem	2
australem	2
adamae	2
bivio	2
turbas	2
piscibus	2
operis	2
istis	2
tradiditque	2
praedam	2
principium	2
pastor	2
congregentur	2
recesserunt	2
dormi	2
veniebant	2
solum	2
mercede	2
augebo	2
uredine	2
socerum	2
dicente	2
lugens	2
octingenti	2
zelpham	2
pharan	2
avesque	2
erexi	2
oppresserat	2
praeerat	2
interrogans	2
dixeratis	2
coepi	2
pecunias	2
femina	2
vineam	2
hebraeus	2
pabulum	2
fixerat	2
aliquando	2
repererunt	2
provectaeque	2
pullulabant	2
paululum	2
modo	2
conciperent	2
necnon	2
comedere	2
frumento	2
respondente	2
vidissent	2
servies	2
vultis	2
praedixerat	2
lignorum	2
abstulit	2
fontes	2
quaeris	2
coccinum	2
fletu	2
viderat	2
elamitarum	2
inventus	2
furati	2
dum	2
posteris	2
propterea	2
progrediens	2
pauci	2
quartus	2
unigenito	2
descendit	2
apprehensis	2
mearum	2
paulatim	2
deducetis	2
fecimus	2
hiram	2
maritum	2
thadal	2
comedisti	2
multa	2
direxerunt	2
introiens	2
optimo	2
similis	2
domi	2
consilium	2
velle	2
trans	2
ligans	2
singuli	2
hai	2
amraphel	2
levavit	2
reptilia	2
ascende	2
viveret	2
habent	2
canistra	2
famuli	2
horraeorum	2
amplexatus	2
dothain	2
labium	2
tunicam	2
reportavimus	2
habitaverunt	2
munditia	1
intrasset	1
turbastis	1
genuerunt	1
mezaab	1
morarentur	1
lectulum	1
jurabo	1
madianitae	1
duma	1
requiescat	1
miserationibus	1
ceturae	1
concubinarum	1
dederint	1
indutus	1
dummodo	1
speciem	1
lippis	1
pherezaeis	1
manere	1
stola	1
praesit	1
properat	1
cogitationibus	1
occubitum	1
sichimis	1
reputatum	1
angustiam	1
fueris	1
congregatusque	1
paucos	1
explentibus	1
afferam	1
incognita	1
comedatis	1
justis	1
accubantes	1
madianitis	1
audiat	1
justitia	1
pherezaeos	1
manahat	1
efficiemus	1
innoxii	1
excelsus	1
jocantem	1
induxisti	1
virgo	1
phison	1
difficile	1
habeamus	1
sitque	1
damnum	1
delicias	1
pastum	1
afferte	1
aegrotaret	1
fiunt	1
butyrum	1
genu	1
propinquos	1
afflixeris	1
hadar	1
paleas	1
cadat	1
meretrix	1
parum	1
servate	1
protegente	1
lampas	1
auferetis	1
veniebat	1
obesis	1
declinate	1
requiescite	1
tenes	1
haberemus	1
faciesque	1
mellis	1
terrore	1
taedet	1
impositis	1
circumcidetis	1
adjuravit	1
vivens	1
mittite	1
dormiam	1
stulte	1
nurui	1
oderat	1
turmis	1
evolutis	1
celabimus	1
candor	1
circumcisus	1
possedi	1
versatilem	1
nationum	1
partu	1
indiget	1
coquamus	1
erimusque	1
quiesce	1
siluit	1
scirent	1
consuleret	1
vertice	1
coeperant	1
noluit	1
pascant	1
accelera	1
assistam	1
anamim	1
replevit	1
vestrosque	1
cadaverum	1
disseminatum	1
sextus	1
oris	1
prosperis	1
suggessimus	1
prona	1
intuitus	1
magnitudinem	1
adbeel	1
sceptrum	1
germinabit	1
adoraverimus	1
achobor	1
mundi	1
transferre	1
ascenditque	1
famulam	1
traditis	1
aperti	1
manebimus	1
ruens	1
cecideruntque	1
magnum	1
exigebas	1
subjecitque	1
pervenit	1
inirent	1
composuit	1
multiplicare	1
tetigit	1
vulgatum	1
obiisset	1
delusa	1
extendit	1
pessimi	1
mactatis	1
multiplicatae	1
latere	1
coeperuntque	1
cogitavi	1
abutimini	1
recidisset	1
juramento	1
pasceret	1
inebriemus	1
judices	1
nescivi	1
potuit	1
sociis	1
colonus	1
exercete	1
maximum	1
gesta	1
sedens	1
sepulchris	1
colorum	1
buz	1
siccarentur	1
soporem	1
aestu	1
tantae	1
opertique	1
jurgio	1
lacrimae	1
polluantur	1
invicem	1
tuleruntque	1
conclusit	1
bechor	1
gnarus	1
agens	1
chanaanitidis	1
semla	1
constituat	1
appellatur	1
creditis	1
primi	1
expulistis	1
volucri	1
aquilonem	1
theristrum	1
funeris	1
accepisset	1
caulas	1
gerebat	1
nudatus	1
constituitque	1
scissisque	1
bosra	1
ochozath	1
salvemus	1
intrabis	1
signa	1
septimodecimo	1
mutuae	1
igni	1
gergesaeum	1
vocatus	1
exarsisti	1
bono	1
messa	1
cognoscens	1
progeniem	1
pariebant	1
pluviae	1
escarum	1
elevata	1
semita	1
affuisset	1
occubuisset	1
misi	1
merear	1
renuens	1
confectaeque	1
locutusque	1
ederent	1
cogitastis	1
hethaeos	1
optimos	1
turmae	1
unicolorem	1
exequias	1
adjuratus	1
monstrabo	1
cresce	1
reducetque	1
merari	1
proficiscerentur	1
porrigeret	1
perductus	1
retulimus	1
habitatoribus	1
suavitatis	1
praesagum	1
interpretem	1
dividant	1
dormivi	1
jethram	1
arreptis	1
haeredem	1
seniorem	1
excelsius	1
deducens	1
expostulans	1
discurrerunt	1
dirigi	1
haedorum	1
negligitis	1
husim	1
aggravatum	1
biennio	1
quintum	1
dividamur	1
umbra	1
infantium	1
respondebimus	1
circumcisis	1
linguis	1
corruerunt	1
virginem	1
possessione	1
accedite	1
ingrediebar	1
diliget	1
ditatusque	1
odistis	1
adolescenti	1
occupatis	1
servare	1
genibus	1
posse	1
possint	1
reputans	1
luctabatur	1
sempiterno	1
poenituit	1
quispiam	1
sterilitatem	1
flammeum	1
postulaverat	1
consuerunt	1
aliquantulum	1
occidi	1
extendens	1
occulte	1
aeterni	1
persequi	1
proprietatem	1
tenebat	1
devoraverunt	1
contemplatione	1
blande	1
leniter	1
amabit	1
conteret	1
benomi	1
secutae	1
ierunt	1
comprehendunt	1
tribulos	1
occiderit	1
assumpsit	1
habuerat	1
australi	1
transiero	1
intuerentur	1
invenerunt	1
canistro	1
oderant	1
conjectoris	1
maculasti	1
lunam	1
eorumdem	1
laeti	1
proficiscetur	1
ingrediemur	1
ambulaverunt	1
dividam	1
habitate	1
exaltaret	1
effunderent	1
habeatis	1
lectulo	1
daret	1
conjugum	1
varius	1
sive	1
vestigium	1
mordens	1
chalanne	1
herba	1
equites	1
compleant	1
eldaa	1
jaboc	1
maledictio	1
despiceret	1
servaverit	1
immisit	1
creata	1
interficies	1
foliis	1
consumptis	1
bibant	1
grandi	1
tene	1
facitis	1
abigeres	1
acan	1
annuntiantes	1
continuit	1
solem	1
habitaretque	1
interficietur	1
masreca	1
redactae	1
intercessisset	1
anus	1
ingressique	1
dicamque	1
appellaberis	1
morisque	1
comportabis	1
sichimorum	1
vertit	1
magog	1
nutum	1
subversione	1
ultionem	1
cunctam	1
nazaraei	1
tangens	1
convocata	1
costam	1
jusserat	1
creati	1
pergemus	1
sequentur	1
permanebit	1
vestigia	1
appendit	1
egisti	1
syriam	1
reputabuntur	1
copulae	1
aspectuque	1
dices	1
expergefactus	1
gremio	1
considerare	1
pertingens	1
spinas	1
occidente	1
cunctosque	1
flens	1
dabitur	1
eloquia	1
congregavit	1
reperit	1
diversorio	1
intelligam	1
ibimus	1
gelu	1
munere	1
nepotibus	1
venerant	1
proprie	1
egrediamur	1
ascendebantur	1
respiciat	1
causis	1
vaccam	1
altissimi	1
fornacis	1
malis	1
refectis	1
nullusque	1
ossibus	1
dimittatis	1
culpam	1
nudum	1
eruit	1
scelere	1
camelo	1
carnes	1
necaverunt	1
edente	1
petieritis	1
illatis	1
humeris	1
folia	1
deducent	1
sephar	1
surrexissent	1
linguas	1
nuntiata	1
reservabunt	1
concipere	1
potentes	1
comederuntque	1
jebusaeos	1
phinon	1
festina	1
reversaeque	1
agam	1
vocans	1
intelligeret	1
pulcherrimae	1
euntes	1
laabim	1
astarothcarnaim	1
adhaerebit	1
frigus	1
custodiret	1
feliciter	1
fores	1
vendere	1
septies	1
aedificata	1
potuerunt	1
cerastes	1
sublata	1
semper	1
circumstante	1
lupus	1
elmodad	1
nuptiis	1
lac	1
thamnam	1
morientur	1
indigneris	1
familiis	1
virides	1
malitia	1
fuero	1
fiebat	1
adjurasset	1
serveturque	1
concubuerit	1
majorum	1
assensique	1
invenerit	1
tenebrosus	1
possideas	1
inebriati	1
inveniebatur	1
appellaris	1
pascendis	1
consumetur	1
victimam	1
dicturus	1
nequando	1
venires	1
concepisti	1
vulnus	1
arripuit	1
infans	1
fundetur	1
vertitque	1
tales	1
divisiones	1
vescebantur	1
salvusne	1
reddiditque	1
nascetur	1
aetatem	1
zelpha	1
profecto	1
ingravescente	1
progenies	1
quotidie	1
complevero	1
biberunt	1
habuisti	1
talari	1
habitantium	1
suscitabit	1
legem	1
parturiret	1
asinus	1
abscondar	1
ferri	1
probans	1
acquisierat	1
cubito	1
vendebantur	1
aderit	1
recesserimus	1
proferens	1
tetendit	1
nigri	1
antrum	1
noctuque	1
lesa	1
tredecim	1
irrigabatur	1
audierunt	1
hinc	1
aridam	1
spiritu	1
habitabit	1
viae	1
volucrum	1
multitudinem	1
dormis	1
voluntati	1
olim	1
comedetis	1
videritis	1
lapidibus	1
consilio	1
nuda	1
celeriterque	1
majorem	1
pessimo	1
sempiternam	1
deambulabat	1
dextrae	1
irascatur	1
videbantur	1
jahelel	1
plaustris	1
aerumnas	1
orante	1
complexusque	1
termini	1
tenerrimum	1
exinde	1
asperum	1
resinae	1
quercum	1
victimas	1
nimio	1
verbum	1
promiseram	1
conspicis	1
foderent	1
redeuntique	1
insidias	1
posuerit	1
navium	1
clamante	1
superare	1
majus	1
mercedes	1
benedicturus	1
jethur	1
deformes	1
videatis	1
extrinsecus	1
livorem	1
denaba	1
famularum	1
aegyptia	1
futurae	1
clare	1
ligatas	1
insulae	1
oppida	1
illuminent	1
expletis	1
adjecit	1
procuratoris	1
corticibus	1
producant	1
apertoque	1
considerabat	1
cunctaque	1
certe	1
obitum	1
clamat	1
tentavit	1
celebri	1
addat	1
tumensque	1
miseruntque	1
audio	1
volueritis	1
asinam	1
quingentorum	1
responderit	1
victui	1
euphraten	1
comedisset	1
capiam	1
trado	1
descendimus	1
euphrates	1
introductis	1
collo	1
occidere	1
tradatur	1
tollerem	1
compulit	1
custodiae	1
respondere	1
excepto	1
sodomitae	1
torrentem	1
rapuit	1
redirent	1
defecisset	1
plantaverat	1
siclorum	1
dicite	1
sedente	1
perpetrasset	1
venis	1
affligemus	1
congregatae	1
rixati	1
ibant	1
agnae	1
bara	1
jussisti	1
respondensque	1
accumbere	1
errore	1
invidit	1
apparuerat	1
asinum	1
veritas	1
elegeris	1
parumper	1
amoris	1
mosoch	1
jubal	1
seminarium	1
nuntiate	1
dolor	1
palaestini	1
detractisque	1
storacis	1
arach	1
serviemus	1
putiphari	1
poenitet	1
necetur	1
nuntiabo	1
mala	1
tangeremus	1
tristemque	1
ferrent	1
tulerat	1
resalutatis	1
debora	1
despexit	1
maturescere	1
transibitis	1
quaeramus	1
ruit	1
corrupta	1
imperii	1
conjugibus	1
recedentes	1
profanum	1
unumquodque	1
male	1
audierant	1
operibus	1
praepositum	1
mira	1
immutasti	1
emissus	1
ministerio	1
propriis	1
eventus	1
motabilem	1
dominaberis	1
mos	1
irritum	1
haereditate	1
omra	1
corvum	1
arborum	1
coctione	1
juris	1
accusavitque	1
intravero	1
arguis	1
habueris	1
tauros	1
circumcisa	1
hevilath	1
subtegminis	1
praebens	1
irrugiit	1
faciant	1
nuntiaret	1
medicis	1
confortatus	1
probentur	1
eamdemque	1
iisdem	1
sopor	1
praecedunt	1
phallu	1
irascamini	1
expectatis	1
fiet	1
dimiserunt	1
pluvia	1
cogitans	1
paritura	1
auferet	1
veste	1
vincula	1
recurrit	1
tertii	1
inspiravit	1
perdamus	1
pluerat	1
potentis	1
descendite	1
vivendum	1
manebo	1
medium	1
mutata	1
revertentem	1
subveherent	1
moriemur	1
cubitis	1
sermonis	1
diligens	1
maacha	1
silvestri	1
occidam	1
capram	1
reddidistis	1
reservemini	1
jesboc	1
paupertatis	1
ancillasque	1
reputavit	1
beeri	1
luctum	1
quarto	1
judicent	1
subcinericios	1
ipsis	1
peregrinati	1
circuivit	1
levare	1
scalae	1
talem	1
pelliceas	1
divites	1
fruaris	1
respiciensque	1
viatores	1
apprehenderunt	1
reversi	1
adamam	1
noceas	1
aja	1
obstupefacti	1
dolo	1
muliebria	1
libamina	1
adolescens	1
sumptis	1
mare	1
introducti	1
virago	1
suscepit	1
foetus	1
demus	1
percutient	1
praeterieris	1
provideat	1
pluam	1
sementis	1
video	1
detulit	1
praecepisset	1
stratum	1
vocaberis	1
junioris	1
minoris	1
referte	1
dividerent	1
interrogavique	1
massa	1
phuth	1
instruebat	1
constituit	1
machinantur	1
abrae	1
cithara	1
primogenito	1
saleph	1
inclinavit	1
ingredi	1
mansiunculas	1
dextram	1
famulus	1
dissolvisset	1
ahod	1
perizomata	1
fugiebas	1
oscula	1
effundens	1
insuper	1
offeres	1
praecedat	1
nox	1
illudere	1
consobrinam	1
inique	1
veneris	1
sacerdotali	1
vellet	1
consolationem	1
accubuisti	1
tolles	1
jetheth	1
manete	1
adorantes	1
numeravit	1
thubal	1
pecoribus	1
servierunt	1
delinivit	1
suspensus	1
quadragenarius	1
humani	1
caphtorim	1
sepelivi	1
saxis	1
mortem	1
emptis	1
us	1
interfecit	1
redeuntes	1
tantumdem	1
exquiritur	1
effundensque	1
dimisitque	1
utriusque	1
coitum	1
remanserant	1
solis	1
natalitius	1
ambae	1
deambulantis	1
inebriatus	1
praecipe	1
invenitur	1
sallem	1
vaccas	1
ingredieris	1
restant	1
timuit	1
postulas	1
expeditos	1
ditioni	1
interrogatus	1
multiplicavit	1
naphis	1
requiem	1
vera	1
clamore	1
proximi	1
parentibus	1
produxerant	1
panesque	1
attrectaverit	1
immunita	1
adduxissent	1
apprehenderis	1
malitiae	1
quantocius	1
inclusit	1
amicorum	1
hiems	1
abeam	1
fragrantiam	1
timuerat	1
vivente	1
parvipendens	1
punietur	1
applicitosque	1
judicabo	1
biennium	1
ambula	1
exasperaverunt	1
gesserat	1
stringensque	1
sedenti	1
asini	1
tangam	1
irati	1
adoravi	1
sabatacha	1
commiserint	1
salute	1
lenirent	1
propitius	1
alvan	1
conjectores	1
praecepisti	1
effringerent	1
nihilominus	1
fuere	1
requievit	1
interrogasti	1
sudore	1
fecerit	1
errabat	1
pereunte	1
adar	1
confundamus	1
reptilium	1
dicemusque	1
consueveras	1
requiesceret	1
habitarent	1
nepotes	1
produxitque	1
habitabis	1
deponentes	1
fluvii	1
disseminati	1
populusque	1
foetu	1
egressis	1
regredior	1
comederetis	1
ultio	1
patriam	1
ignorante	1
magistrum	1
augurari	1
zarae	1
ophir	1
memor	1
odoratusque	1
finitus	1
multiplicet	1
obtuleruntque	1
gratum	1
bdellium	1
mahanaim	1
idumaeorum	1
optatis	1
gerara	1
periclitari	1
consumpta	1
suscites	1
salvatorem	1
coepissent	1
parva	1
sedentes	1
aliam	1
auferas	1
operi	1
devoratis	1
prohibitae	1
dote	1
inveneritis	1
portare	1
vescebatur	1
pergeret	1
prodest	1
animum	1
potitus	1
masculis	1
quarta	1
senserit	1
parerent	1
dividitur	1
haberi	1
tribuum	1
chasluim	1
ortusque	1
gathan	1
deforis	1
mensuram	1
auferetur	1
operam	1
aspiceret	1
ingressisque	1
traductisque	1
reddita	1
egressusque	1
somniator	1
munusculum	1
mensem	1
sospes	1
verterunt	1
consecutus	1
violata	1
paludis	1
simile	1
consumentur	1
illorum	1
paravit	1
divisus	1
reducite	1
dierumque	1
debuere	1
maledixerit	1
invocare	1
pecuniae	1
circumvenit	1
creavi	1
expressi	1
themanorum	1
requievitque	1
admissura	1
caeremonias	1
pallio	1
escis	1
currum	1
crimine	1
flores	1
appareat	1
vocaveruntque	1
nostrae	1
gera	1
levavi	1
fletus	1
facultatibus	1
cogitaverunt	1
expectavitque	1
possedit	1
collium	1
habitabant	1
regesque	1
cessaverunt	1
benedicetur	1
colloquentes	1
argumentum	1
multiplicentur	1
nequam	1
lud	1
totis	1
copulabitur	1
antecedite	1
regiam	1
vernaculi	1
intercedite	1
radices	1
consurgere	1
quadam	1
quorum	1
carnibus	1
exerceant	1
sociata	1
polymitam	1
requiescens	1
holocausta	1
sciscitati	1
adduc	1
multum	1
descenderat	1
cessaverat	1
detestantur	1
gaudio	1
completi	1
fertilitas	1
fecisse	1
vendentibus	1
dominatur	1
geraram	1
ventura	1
dominabitur	1
premebat	1
pergitis	1
perdes	1
peribat	1
haggi	1
mature	1
inducam	1
circumplexus	1
acciderit	1
sapientiorem	1
magdiel	1
o	1
consimilem	1
hul	1
habentes	1
pullos	1
leaena	1
nefario	1
morerer	1
fomitem	1
ungulas	1
ingrediensque	1
fortitudo	1
regnaverunt	1
conjux	1
vincti	1
zamran	1
redditus	1
vidistis	1
serviturus	1
fines	1
jubeas	1
pertransivit	1
quemdam	1
lignis	1
electis	1
genueris	1
circuit	1
reliquas	1
attestatione	1
nudaverunt	1
ascensis	1
senuerim	1
sexcentorum	1
mortuusque	1
novissimos	1
induces	1
comprehendit	1
intra	1
ememus	1
turbis	1
steterat	1
occisos	1
bibam	1
gladiis	1
tenere	1
pertinax	1
more	1
osculans	1
fuitque	1
gerson	1
evigilasset	1
longitudine	1
vocaret	1
reportate	1
stacten	1
tenebo	1
arte	1
reduxitque	1
cessavitque	1
domina	1
misphat	1
cervus	1
pullum	1
excelso	1
beor	1
argenteum	1
tuleris	1
libera	1
cibariis	1
intumescere	1
cognovissent	1
indicaretis	1
pincerna	1
accersitis	1
beatam	1
scit	1
tertium	1
odorem	1
binas	1
aperuimus	1
hori	1
oculorum	1
transgressus	1
fuisti	1
attamen	1
percusserit	1
imminente	1
hausto	1
dividat	1
vident	1
benefaceres	1
mementoque	1
cognovi	1
prohibere	1
hiras	1
occide	1
possessio	1
gesturus	1
tharsis	1
placitum	1
probabo	1
costis	1
currus	1
visum	1
contemplatus	1
voluntas	1
direxisti	1
laudaverunt	1
praecedam	1
culmen	1
duplex	1
interesset	1
dissimulante	1
syrorum	1
haerentem	1
ausculta	1
arefacta	1
seminis	1
primogenitis	1
pilosae	1
pariendi	1
reverteris	1
excelsi	1
urebar	1
accederet	1
emim	1
extenderat	1
proficiscamur	1
moerore	1
baculus	1
jugum	1
acervum	1
essem	1
palustribus	1
sevit	1
adamavit	1
praemisitque	1
detestabilem	1
cedmonaeos	1
ascenderunt	1
cognosce	1
annuntiem	1
vivet	1
cornibus	1
justam	1
legationem	1
accepta	1
circumposuit	1
ulnam	1
utere	1
pertransissent	1
genuerat	1
teneros	1
amorrhaeos	1
ornandam	1
spatiosa	1
collidebantur	1
benedicto	1
furore	1
accubans	1
coctosque	1
mentitus	1
moraretur	1
saepe	1
interficerent	1
numerari	1
benedicendae	1
sentiens	1
utinam	1
aedificare	1
citharis	1
omnisque	1
nudata	1
commisce	1
reducam	1
jachin	1
gemmas	1
reducantur	1
pepigit	1
convenerunt	1
biberuntque	1
augurandi	1
desistent	1
potentior	1
eme	1
turturem	1
velut	1
videruntque	1
captam	1
maledicta	1
eden	1
assurim	1
cisterna	1
osculum	1
flente	1
cognoscamus	1
properantes	1
abstulerunt	1
reciperet	1
disperdam	1
catulus	1
obdormisset	1
omniumque	1
conspecto	1
cerneret	1
vescentes	1
magnificasti	1
urbe	1
proficiscemini	1
caath	1
appropinquare	1
conversus	1
abida	1
salvari	1
coire	1
tollensque	1
provideam	1
prudenter	1
caligae	1
benedic	1
proficiscentibus	1
revertemur	1
condasque	1
uvae	1
consolabitur	1
transeas	1
arguent	1
tollemus	1
oblivioni	1
lucerent	1
candidiores	1
armeniae	1
vadens	1
interfectisque	1
voce	1
probem	1
tuleritis	1
dimisisses	1
vescimur	1
transacta	1
transivi	1
pavore	1
coepitque	1
vocabis	1
quodcumque	1
possideres	1
dimissi	1
procidens	1
adoravitque	1
generationis	1
factaque	1
risisti	1
ibis	1
audierat	1
maribus	1
ponerent	1
impleatur	1
ficus	1
accinctus	1
plurima	1
divitiis	1
silvestrem	1
possessionibus	1
numerabitur	1
geniti	1
alendorum	1
serviant	1
aracaeum	1
dirigebat	1
vult	1
sennaab	1
tristega	1
jeschae	1
hospitium	1
delebor	1
ophim	1
fecerant	1
conjicere	1
possederant	1
retinere	1
sellae	1
septuagies	1
sparso	1
iniquitatis	1
sublatus	1
eunucho	1
voluntatem	1
obtulerunt	1
repositus	1
condatur	1
absentibus	1
sedisse	1
nolueritis	1
apprehendat	1
maria	1
auditurus	1
seditque	1
bibisset	1
agnis	1
tulisset	1
aelam	1
suave	1
egrediemini	1
resinam	1
haustam	1
mittentes	1
discedens	1
scorto	1
congregati	1
exercuerunt	1
didicisset	1
adaquato	1
multorum	1
ablactatus	1
dicetur	1
aegyptius	1
jessui	1
jabel	1
dare	1
vimque	1
pessimam	1
spatiosus	1
genuerit	1
adversi	1
generabit	1
juncto	1
gradieris	1
genua	1
jacet	1
donis	1
praeparavit	1
interpretaretur	1
ignorabat	1
aegyptiaca	1
dedere	1
universi	1
gaham	1
jesua	1
aduram	1
pulchriores	1
placiti	1
virecta	1
gubernabat	1
dissoluta	1
jedlaph	1
deprehensam	1
gavisus	1
largitus	1
beatitudine	1
emptoribus	1
jurgati	1
habebant	1
tristes	1
vestivitque	1
planctu	1
socri	1
reptilibus	1
converteruntque	1
centenario	1
manusque	1
aureas	1
lacte	1
crederet	1
fruges	1
audacter	1
suspicatus	1
juravi	1
interficiatis	1
mundamini	1
lota	1
times	1
dimisi	1
coitus	1
unxisti	1
experimentum	1
praecesserunt	1
orbatus	1
exaudivi	1
assumens	1
hevaeum	1
foedere	1
superabit	1
habitabisque	1
lavandos	1
patratis	1
quanta	1
formosae	1
obliviscaturque	1
mirabantur	1
zuzim	1
sepelies	1
expleto	1
superstitem	1
benedictio	1
illustrem	1
propitiabitur	1
conceperit	1
praeficiat	1
sohar	1
minatur	1
caligaverunt	1
populeas	1
ditavi	1
occludens	1
humilitatem	1
praeparetur	1
pax	1
oblivisci	1
mutavit	1
caemento	1
custodivi	1
similae	1
diverso	1
laverunt	1
cubiculum	1
respondebis	1
attulimus	1
impleverunt	1
potuisti	1
permitto	1
imprecantes	1
narraverunt	1
sciret	1
flevitque	1
benedixeris	1
charan	1
sulphur	1
regum	1
altitudo	1
obedierit	1
minore	1
bibi	1
tradiderit	1
samaraeum	1
solitudinem	1
laborum	1
ascendite	1
venditione	1
plateas	1
comburatur	1
ascenez	1
voluptati	1
subvertam	1
amalecitarum	1
dispergam	1
puellae	1
venationem	1
tradamus	1
familia	1
onychinus	1
loquere	1
latusim	1
madan	1
transmisso	1
redire	1
ordine	1
asinae	1
credi	1
conglutinata	1
avith	1
ascendissemus	1
amplius	1
tollant	1
trecentorum	1
invidebant	1
serviam	1
clamare	1
mittendus	1
molesta	1
uxorum	1
quietem	1
senuit	1
famulas	1
expectatio	1
grandia	1
prima	1
arrhabonem	1
delevit	1
novi	1
crescebat	1
matred	1
sustinebat	1
integra	1
achad	1
coiret	1
ephratae	1
dormies	1
oblatio	1
aethiopiae	1
sinum	1
laevigatis	1
addens	1
occidit	1
supra	1
azau	1
areli	1
fumans	1
fuge	1
arguit	1
subjunxit	1
complebuntur	1
ferus	1
dinae	1
eumdem	1
jacula	1
timorem	1
universaque	1
annulus	1
lapideum	1
sanguinis	1
descendas	1
famulum	1
praeripueris	1
tribulationis	1
dimisimus	1
moriemini	1
quanto	1
circumcidatur	1
optima	1
tribubus	1
accepto	1
femur	1
credebat	1
aeris	1
vocansque	1
stipula	1
utroque	1
faber	1
confusum	1
sagittarius	1
germanus	1
concubitu	1
decla	1
contigerit	1
timore	1
petitis	1
resen	1
meretricem	1
uterinum	1
utrasque	1
thesauros	1
prioribus	1
sumerem	1
ignorat	1
cibis	1
possessurus	1
tectum	1
germinet	1
istos	1
praeparasti	1
praetulit	1
loquemur	1
consumamur	1
transgrediens	1
statione	1
sicque	1
usi	1
posset	1
sempiterni	1
furva	1
bellum	1
filo	1
nesciebant	1
accubuit	1
patiar	1
alva	1
elegitque	1
ossa	1
observabitis	1
dormiat	1
negotientur	1
sapientes	1
reciderunt	1
echi	1
intraret	1
remaneant	1
delebimus	1
ablactationis	1
mittamus	1
adjuraverit	1
trimam	1
habitabimus	1
cased	1
pincernis	1
videbit	1
deinde	1
alienas	1
flagitii	1
praesentiarum	1
consuetudinem	1
semetipso	1
jare	1
latuit	1
sared	1
quaero	1
babel	1
duceret	1
introduxerunt	1
sedebat	1
jacentis	1
aliter	1
pecudibus	1
intenta	1
redde	1
angelos	1
producat	1
attigimus	1
luceant	1
posui	1
pertinens	1
hamdan	1
cubile	1
abuti	1
spoliata	1
scrutantique	1
intueatur	1
sextum	1
emptitius	1
fidei	1
infantia	1
effundatis	1
altrinsecus	1
referentis	1
introisset	1
habeant	1
temperaret	1
obedisti	1
dicerent	1
istam	1
deferte	1
squalore	1
asasonthamar	1
moreris	1
torrente	1
contemptui	1
mophim	1
majorque	1
venturae	1
supellectilem	1
adaquabantur	1
exivit	1
phau	1
laederet	1
eisdem	1
compellente	1
lingua	1
hebraeorum	1
stolam	1
animarum	1
concepisse	1
cras	1
maheleth	1
coenacula	1
protexit	1
loculo	1
propheta	1
velamen	1
manui	1
auctusque	1
clibanus	1
crassae	1
interpretis	1
contrario	1
olera	1
altari	1
dilatet	1
peccatores	1
melchisedech	1
peribunt	1
fluxerat	1
crescant	1
dura	1
noctis	1
agnitis	1
aula	1
differtur	1
salvos	1
pharetram	1
conditus	1
acceperant	1
stravit	1
peregrinum	1
renuntia	1
calicemque	1
ammon	1
accidissent	1
adjutorium	1
alius	1
arenae	1
aversae	1
dimisisset	1
quaenam	1
eliezer	1
amicus	1
circumstantes	1
praevaluit	1
steriles	1
adduxisti	1
veniebam	1
ramum	1
nequeo	1
tradat	1
contemptam	1
domos	1
locupletatus	1
secundus	1
darem	1
incurventur	1
pullis	1
dominae	1
praepositos	1
digna	1
decorticavit	1
mittas	1
benefaciam	1
crescat	1
maledicentibus	1
separa	1
elevaverunt	1
culminis	1
destravit	1
habuitque	1
dii	1
revertaris	1
consternatus	1
castella	1
solito	1
multiplicans	1
cubitum	1
egrediente	1
curro	1
suffoderunt	1
cacumina	1
retento	1
excelsum	1
intellexit	1
obtendere	1
justior	1
dederit	1
salvabor	1
hamul	1
ploravit	1
claudicabat	1
delendum	1
pergentibus	1
facque	1
interrogaverit	1
revixit	1
nudos	1
nolueris	1
custodiam	1
ambulavitque	1
procreassent	1
gentis	1
extrahentes	1
loomin	1
errantem	1
ludens	1
orto	1
castris	1
risum	1
montibus	1
interpretetur	1
peregrinaretur	1
sidone	1
dumque	1
atad	1
perspicuum	1
sacerdos	1
ceteri	1
eduxeruntque	1
amoveamus	1
ortum	1
cognitus	1
quinta	1
providebit	1
calidas	1
vernum	1
praevaluerat	1
succedentibus	1
illas	1
peregrinare	1
ejice	1
magistri	1
terribilis	1
aream	1
explevisti	1
salutare	1
respondentibus	1
dentes	1
condirent	1
odiosum	1
flagellavit	1
nemus	1
missum	1
aspere	1
ierat	1
dilatio	1
effusione	1
quintus	1
reminiscens	1
chorraeos	1
deleta	1
dilataberis	1
invalui	1
egrederentur	1
cinis	1
edulio	1
hebdomadam	1
agnosceretur	1
celare	1
uterus	1
ostenderat	1
complevitque	1
juvenis	1
novimus	1
tympanis	1
futurorum	1
instante	1
orbabor	1
calore	1
lenis	1
nuntii	1
semron	1
proximum	1
cunctus	1
consumptisque	1
pondere	1
stramenta	1
jamin	1
jussionem	1
blanditiis	1
stupri	1
congregantes	1
dormisset	1
transivit	1
vadit	1
exceptis	1
sumpta	1
pavere	1
feminarum	1
vestrorum	1
vinctos	1
nurum	1
reddat	1
lacum	1
perambula	1
tertiam	1
madai	1
vini	1
oscularer	1
placabilem	1
restituitque	1
commota	1
petens	1
debuisti	1
sinaeum	1
ponet	1
innixum	1
salvabitur	1
chananaeis	1
interficeret	1
possidete	1
congreget	1
applicuitque	1
viridia	1
parces	1
permanente	1
pisces	1
congruam	1
loquentis	1
servituri	1
pedem	1
nascitur	1
depositoque	1
confortatae	1
alterutrum	1
abiitque	1
accipiam	1
subvertit	1
ingredientur	1
bitumine	1
adorabimus	1
caprae	1
eseban	1
nimium	1
fugam	1
suggeras	1
praebebit	1
quodque	1
mutate	1
videt	1
divertit	1
didici	1
indicare	1
congregamini	1
campestria	1
legesque	1
hebraeum	1
voluistis	1
phetrusim	1
nephthuim	1
armentis	1
limo	1
bersa	1
statueritis	1
arida	1
fundens	1
incircumciso	1
apprehensa	1
stantes	1
similes	1
vim	1
emendi	1
collocavit	1
invenistis	1
racheli	1
arcu	1
humanum	1
fumum	1
maledixit	1
calamitatis	1
loquor	1
roma	1
foenum	1
hostes	1
succlamassem	1
suspendi	1
conjugium	1
placito	1
advenerit	1
cacumen	1
monumento	1
diverterent	1
hebdomada	1
diligis	1
gradiebatur	1
loquentem	1
infecunda	1
machir	1
primusque	1
avo	1
cilicio	1
sumpserat	1
principem	1
petis	1
farinae	1
ingressaque	1
motus	1
supellectili	1
venatu	1
jebusaeum	1
viribus	1
protector	1
steterunt	1
curamque	1
offerret	1
monetae	1
opilio	1
maculosum	1
animalia	1
vegetat	1
tollentes	1
corridebit	1
tetigerat	1
appropinquantes	1
succrescens	1
escam	1
visionis	1
circumit	1
pepigerant	1
elegerant	1
durum	1
rapax	1
orta	1
vicissim	1
comederit	1
visus	1
ascendat	1
invenienti	1
contemplabatur	1
adorent	1
pascunt	1
devolverent	1
rebeccam	1
partus	1
descendet	1
proficiscaris	1
extremus	1
illicitum	1
ligetur	1
amathaeum	1
sempiternas	1
elevans	1
iis	1
ignoratis	1
celebremus	1
indicate	1
pascit	1
publicae	1
bitumen	1
torquem	1
subjicient	1
acquiesceret	1
prosperum	1
juraverunt	1
stirpique	1
alienigenae	1
direxit	1
abscondi	1
aurora	1
cesset	1
praecepturus	1
totus	1
hauriret	1
altior	1
timebat	1
quondam	1
toto	1
asino	1
erue	1
peregrinus	1
gatham	1
asbel	1
posteriora	1
occidamus	1
meditandum	1
parumne	1
convivio	1
lacinia	1
unigenitum	1
lentis	1
corigiam	1
suni	1
benedicas	1
memetipsum	1
adaquavit	1
respondebitis	1
nolo	1
camuel	1
terebinthi	1
animal	1
foeni	1
iniit	1
famula	1
ducis	1
egredimini	1
amygdalinas	1
cognoverunt	1
occumberet	1
amorrhaeorum	1
liberavit	1
minores	1
viderint	1
pariat	1
vocata	1
dabitis	1
fortissimum	1
innoxias	1
induendum	1
fortissimus	1
immolaret	1
devorantes	1
permanserunt	1
credidit	1
decepit	1
sequi	1
affligent	1
malleator	1
aedibus	1
increverit	1
occisus	1
commutans	1
servumque	1
interpretationem	1
projicite	1
venationibus	1
clamorem	1
cinaeos	1
perterrita	1
thiras	1
habitudo	1
delebitur	1
irruerunt	1
nutrix	1
alienus	1
revertenti	1
faciet	1
recipere	1
sanctificavit	1
descendamus	1
mutato	1
salvare	1
occidat	1
jurante	1
lacerabunt	1
daturus	1
erexitque	1
naaman	1
familias	1
poteramus	1
apparuitque	1
simus	1
descenderit	1
foderuntque	1
duceretur	1
comites	1
ejicis	1
reponerent	1
agros	1
mabsar	1
videritque	1
deerat	1
colli	1
constituam	1
pastorem	1
latitudine	1
supplantavit	1
plebe	1
melchiel	1
dicturi	1
patibulo	1
corporibus	1
nimia	1
magnitudo	1
suspendit	1
proferri	1
thahas	1
vendidisset	1
tritico	1
depressus	1
adjurem	1
obstruxerant	1
divisique	1
fami	1
firmitatis	1
organo	1
lavabit	1
ducentorum	1
praenoscens	1
palearum	1
ligavit	1
epha	1
diceremus	1
salvum	1
germinaret	1
gradum	1
bobus	1
armentum	1
habemus	1
canentium	1
adduxeritis	1
exierant	1
polliceris	1
indicium	1
successit	1
petebatur	1
dona	1
omar	1
ludim	1
supposuerat	1
maximis	1
simplex	1
tenet	1
famulo	1
extremi	1
invenirem	1
dicent	1
clausi	1
augete	1
hebraeis	1
sensus	1
finis	1
amnis	1
ibo	1
acquiesce	1
moabitarum	1
vocaverat	1
segetes	1
somnus	1
buccellam	1
egressae	1
consequenter	1
custodiendam	1
benedixique	1
verumtamen	1
ambos	1
armilla	1
potes	1
osculatusque	1
varias	1
ligare	1
venusto	1
carpebant	1
depopulati	1
habitatorum	1
teneberis	1
invidiae	1
thogorma	1
admirans	1
oblitus	1
vestium	1
dilexit	1
mittoque	1
ignorantem	1
tonsores	1
viscera	1
addidit	1
libans	1
respiciens	1
aromata	1
dereliquerant	1
mes	1
moriamini	1
callidior	1
gazam	1
accepturi	1
auscultate	1
ministerii	1
percutiat	1
ludentem	1
pertingat	1
porta	1
salvetur	1
negotiatoribus	1
retentum	1
effusus	1
nostrarum	1
foedae	1
ubicumque	1
vestimentorum	1
vendebat	1
conjectoribus	1
brachiorum	1
transiens	1
turmam	1
placabo	1
aeternorum	1
cete	1
tenebrosa	1
facultate	1
referebant	1
pondo	1
stantem	1
ripam	1
misereatur	1
occiderimus	1
pes	1
ascendamus	1
nasci	1
turbatique	1
forti	1
luctus	1
recusabat	1
mabsam	1
inclinata	1
pinguis	1
dederat	1
deprecatusque	1
sede	1
medullam	1
repleverunt	1
serviet	1
parabant	1
voluisse	1
consumptaque	1
commutatione	1
vadum	1
despectui	1
fructus	1
socer	1
feceruntque	1
nationibus	1
irrigans	1
nullum	1
egredi	1
sociare	1
saeculo	1
comederemus	1
consolatione	1
jasiel	1
vulvae	1
debeo	1
ared	1
inanis	1
inierunt	1
maneat	1
tempusque	1
dabit	1
pecus	1
custodiebantur	1
vivam	1
septentrionem	1
instrue	1
stupore	1
delebit	1
defecerunt	1
monstravero	1
dormiamusque	1
interim	1
saevientes	1
injuriae	1
supposuit	1
uterinus	1
movebit	1
testimonii	1
turrem	1
mitte	1
jacere	1
jurisjurandi	1
vacua	1
vides	1
puteus	1
sederunt	1
cultoribus	1
cenezaeos	1
sepelite	1
possessorem	1
foederari	1
concepi	1
mittere	1
ritum	1
altero	1
chananaeos	1
compleverint	1
sceleris	1
audisti	1
millia	1
virgoque	1
molimur	1
gyra	1
surrexerit	1
pellis	1
privavit	1
velleris	1
esebon	1
demum	1
erubescebant	1
collegit	1
tinxerunt	1
generos	1
dividet	1
haberem	1
respondebit	1
invideruntque	1
imitantes	1
gigantes	1
mandi	1
nesciebam	1
parerem	1
educat	1
equis	1
occidet	1
restituet	1
cunctumque	1
impletum	1
emptitii	1
fraudulenter	1
gehon	1
praecepta	1
aerarium	1
fugio	1
cernis	1
corporum	1
opprobrium	1
septingentis	1
decimo	1
sententiam	1
cohibere	1
laborare	1
scrutare	1
hethaeum	1
universorum	1
palpato	1
quisquam	1
erumpebant	1
eduxi	1
alii	1
liberare	1
potens	1
jussa	1
peregrinandum	1
magnificatusque	1
ela	1
appetitus	1
jumento	1
elevavitque	1
fratremque	1
calcaneo	1
ullas	1
stabilivi	1
azyma	1
gradiamur	1
probatam	1
amaretur	1
quempiam	1
chananaei	1
attuli	1
armillam	1
regionum	1
vepres	1
color	1
arma	1
dixistique	1
praetereuntibus	1
fornicata	1
creavitque	1
emendum	1
ipsae	1
percussitque	1
solio	1
sata	1
dixisset	1
custodies	1
veritate	1
confiteor	1
judicas	1
sexagenarius	1
vivant	1
consolatusque	1
cetthim	1
vocaverit	1
videntibus	1
auctum	1
confirmatusque	1
jumentorum	1
saturitatis	1
peccarent	1
gether	1
quaereret	1
possim	1
vasa	1
judith	1
subjicite	1
terga	1
praevaluerunt	1
plagis	1
connubia	1
lumbis	1
turba	1
proverbium	1
egrederetur	1
conjugis	1
magnificabo	1
vestimentum	1
inscio	1
mandaverat	1
concepto	1
circumcisi	1
abigebat	1
incedentes	1
vende	1
rexque	1
alligasset	1
invocato	1
nuntios	1
cariathaim	1
rohoboth	1
faceres	1
ejulatu	1
deosculatus	1
mandat	1
quercus	1
platanis	1
agatur	1
tribuens	1
platea	1
inito	1
desiisset	1
heva	1
ingrediar	1
parceret	1
tradiderat	1
bibensque	1
attollens	1
magistro	1
bibentes	1
pones	1
sequentis	1
plantam	1
genuerim	1
armentorum	1
visitavit	1
nemo	1
pulcherrima	1
prosequerer	1
ascendebant	1
meti	1
acceperit	1
aio	1
dictis	1
quot	1
caligabant	1
oppidis	1
induxeras	1
job	1
corruperat	1
hoba	1
mittat	1
tradite	1
dimiserit	1
amplexus	1
ephronis	1
conscientia	1
pertinebant	1
stolas	1
stolis	1
cor	1
tulisti	1
obediet	1
interea	1
movens	1
deprecaretur	1
cunctorum	1
experimento	1
perseverante	1
dispensatore	1
vestem	1
quarum	1
formaverat	1
impositum	1
reddebam	1
ambulando	1
summitatem	1
mandatum	1
hispidus	1
reservasti	1
obvium	1
consequens	1
charmi	1
tenebrae	1
flecterent	1
suscipiam	1
adipibus	1
accipient	1
ibat	1
gravissimus	1
negavit	1
mandaverunt	1
accingetur	1
proderunt	1
contraque	1
humero	1
eductis	1
frumentum	1
nescio	1
eadem	1
baculum	1
volatilia	1
mercedis	1
judicavit	1
declinastis	1
pluit	1
luzam	1
postulo	1
agnitioni	1
nonagenaria	1
iniquitas	1
possidet	1
oriretur	1
pervenerunt	1
traditi	1
offeram	1
bituminis	1
occidas	1
obliviscaris	1
ductus	1
vesceretur	1
odollamites	1
simplicitate	1
falsa	1
parvi	1
aureis	1
amovit	1
jamuel	1
misisset	1
suspendet	1
solvas	1
retrahente	1
uberum	1
invocetur	1
epulas	1
ovesque	1
respiciebat	1
maledictionem	1
triticeae	1
implerent	1
narravimus	1
vetulus	1
sephion	1
obtinueruntque	1
dedistis	1
ambarumque	1
accedens	1
occurre	1
valebimus	1
tertiodecimo	1
vocatis	1
require	1
noceret	1
plangeret	1
aedificabant	1
putet	1
visu	1
orabit	1
labii	1
pavensque	1
sepulchrum	1
pleni	1
quartodecimo	1
afferentem	1
appellabitur	1
ventris	1
videro	1
ejecitque	1
haedos	1
superficiem	1
uzal	1
detulerant	1
auditoque	1
frugum	1
desierant	1
venderentur	1
immolatisque	1
elisa	1
dodanim	1
patrarat	1
excutias	1
gravi	1
habitaret	1
versatus	1
tactus	1
propius	1
assurgere	1
dimittas	1
probare	1
extrema	1
copia	1
laetus	1
exercere	1
levo	1
expresserant	1
superficies	1
levatisque	1
alebat	1
dissipans	1
recordatusque	1
scitis	1
gloria	1
aperientur	1
conjugio	1
sociam	1
pignus	1
suscipiens	1
verno	1
avertitque	1
nutricem	1
foderunt	1
perterriti	1
emergebant	1
arbitris	1
ditatus	1
pomiferum	1
prosint	1
movebatur	1
fundebat	1
faciatis	1
delebis	1
retulisset	1
nitebatur	1
narrantes	1
recordabitur	1
olivae	1
conatus	1
postulate	1
turma	1
variumque	1
gloriam	1
husam	1
eamdem	1
adhaesit	1
fervore	1
sapientissime	1
consummabis	1
totonderunt	1
liber	1
dotem	1
balanan	1
vocantem	1
appropinquans	1
ammonitarum	1
vento	1
volebam	1
adduxerunt	1
nata	1
opher	1
arbores	1
praecone	1
vivetis	1
sustentavitque	1
rufus	1
ascenderet	1
amborum	1
caligo	1
praesto	1
simplici	1
industrium	1
infodit	1
pistoria	1
operuit	1
prospiciens	1
sabatha	1
volverem	1
polymita	1
distulit	1
laudabunt	1
insidiaberis	1
serite	1
consenui	1
foedam	1
deficiens	1
conscendere	1
relicta	1
expavit	1
offenderant	1
ponite	1
cognomento	1
humerum	1
communiter	1
vocabulo	1
solet	1
octavo	1
morientem	1
guni	1
cedar	1
poenam	1
appropinquaret	1
vescitur	1
sapientem	1
concidisset	1
subvectionem	1
comparavit	1
sollicitudo	1
fraudatus	1
formatis	1
confirmatus	1
urente	1
homini	1
ventre	1
utre	1
urbi	1
laevam	1
depositis	1
aspexit	1
multiplicabitur	1
pherezaeus	1
maledictione	1
affligente	1
vallaverunt	1
cunctique	1
haedi	1
corruptam	1
accessissent	1
inventum	1
jamne	1
vellere	1
contenderunt	1
numera	1
subjugavi	1
exterritisque	1
aestus	1
phua	1
emeremus	1
devolvat	1
flumine	1
versa	1
pergebat	1
infernum	1
ignorem	1
fidem	1
jordanis	1
vesceris	1
consumptusque	1
generis	1
agere	1
morimur	1
praeliabatur	1
alio	1
turmas	1
recedemus	1
damascus	1
vestimenta	1
virilia	1
habitet	1
respicere	1
majores	1
venientem	1
emistis	1
acquiescamus	1
salus	1
intrabant	1
posuisset	1
educam	1
ducens	1
tabee	1
transierunt	1
lectuli	1
difficultatem	1
relicto	1
creditam	1
eruntque	1
tremor	1
horreis	1
habitaverat	1
confestim	1
recepi	1
familiam	1
consumptura	1
diversorium	1
pilosus	1
suspice	1
abjecit	1
animadvertit	1
benedicet	1
respondebitque	1
custodiant	1
populis	1
ieris	1
abieruntque	1
arodi	1
imperatum	1
sequar	1
putant	1
thema	1
accedentes	1
ministravit	1
misertus	1
fixis	1
fructuum	1
stas	1
scientia	1
pelliculasque	1
canticis	1
conditorum	1
hevam	1
expectate	1
astantibus	1
persequere	1
comeditque	1
tunicas	1
cadavera	1
damasci	1
servivit	1
quaecumque	1
induta	1
terebinthum	1
appendentes	1
adolescentulum	1
imperaret	1
audissent	1
judicabit	1
celebrantes	1
masma	1
consistunt	1
cunctum	1
crevisset	1
leonis	1
hebraeo	1
ducum	1
inquam	1
probaretur	1
accipiesque	1
salvares	1
tempora	1
siclis	1
aperuerunt	1
sepelivit	1
humiliare	1
putiphar	1
supponens	1
perditura	1
deficiensque	1
semetipsis	1
festinato	1
comedunt	1
trecenti	1
miserunt	1
onam	1
scapulae	1
impleret	1
habueruntque	1
exterriti	1
evaserat	1
longitudo	1
currens	1
natum	1
probavit	1
auditumque	1
universosque	1
respersa	1
babylon	1
articulo	1
transivitque	1
orientur	1
industrios	1
benedicte	1
baculo	1
patimur	1
jus	1
silvestris	1
venisse	1
compleverat	1
introitum	1
auri	1
hucusque	1
comederent	1
esses	1
famosi	1
variae	1
suscepta	1
vovisti	1
vovit	1
appositusque	1
coetu	1
pervenisset	1
producite	1
dabisque	1
sufficit	1
venandi	1
simili	1
eunuchus	1
alteram	1
formavit	1
ceturam	1
rixa	1
veniet	1
addetis	1
erecto	1
torpebant	1
probatae	1
riphath	1
amorem	1
vastantes	1
parvulorum	1
occiderunt	1
expectabo	1
deosculans	1
velocius	1
isset	1
possent	1
laborem	1
aeternam	1
loquitur	1
proficiens	1
obediens	1
resistere	1
barad	1
nesciebat	1
cultore	1
nequibant	1
futurus	1
habetur	1
aufer	1
triennem	1
decrescebant	1
invidentes	1
stetit	1
temperarent	1
heman	1
reperti	1
albi	1
circumcidamus	1
stactes	1
magistros	1
lactaret	1
arrhabone	1
pristinum	1
praeessent	1
negotiamini	1
compulsi	1
semeber	1
narravi	1
aciem	1
capita	1
subjiciat	1
rupti	1
vallem	1
libet	1
fieri	1
solent	1
adorabunt	1
pulchras	1
pergerent	1
pollicitus	1
terminos	1
possit	1
reddidero	1
illaeque	1
convenit	1
datis	1
occiderant	1
tenentes	1
exsiccata	1
oblatos	1
scientes	1
acquievit	1
dari	1
appellatum	1
nascerentur	1
vidua	1
perges	1
clauseruntque	1
introduc	1
maceria	1
operuerunt	1
celaverimus	1
caede	1
devoraveruntque	1
servam	1
acceperunt	1
nigra	1
facturus	1
infirmiora	1
audistis	1
subjiciemur	1
descendens	1
gergesaeos	1
onerantes	1
divisis	1
redigatur	1
complens	1
vinctus	1
expleret	1
iniquitates	1
diriget	1
terrisque	1
audemus	1
fugiebatque	1
amygdalarum	1
requiescent	1
benedixisset	1
restituam	1
fugerunt	1
patiatur	1
incipiens	1
tandemque	1
merito	1
occurritque	1
viventium	1
officium	1
possidebit	1
linguae	1
intuleris	1
timueruntque	1
asportate	1
universamque	1
lata	1
menses	1
pistor	1
dilatavit	1
crescet	1
vidensque	1
ascendentem	1
figet	1
dicas	1
vestrarum	1
feminini	1
reducere	1
lapides	1
putabat	1
campum	1
impius	1
requiescere	1
promiserat	1
paradisus	1
circumcisionis	1
illicitam	1
ros	1
cedma	1
badad	1
hausit	1
marsupiis	1
victima	1
multo	1
sacerdotum	1
leo	1
nuntiatumque	1
dispersit	1
tenebris	1
putavit	1
pheldas	1
tribulatio	1
timentes	1
videbam	1
duabus	1
sterili	1
consiliis	1
delectabile	1
quippiam	1
perfecti	1
universaeque	1
dilatares	1
ideo	1
suscepi	1
noluitque	1
serpentem	1
confitebor	1
congregor	1
duarum	1
acquieverunt	1
circumdedit	1
virgultum	1
jacebant	1
mandatis	1
implentes	1
comederis	1
aestas	1
centuplum	1
superest	1
meetabel	1
recessitque	1
clausus	1
fiatque	1
vulnerum	1
vidente	1
comedas	1
faciebant	1
remittat	1
thola	1
surripuit	1
posuerunt	1
solvitur	1
sinistra	1
cherubim	1
condictum	1
dotavit	1
acquiescens	1
surgentes	1
pectus	1
memento	1
consurrexit	1
eunuchi	1
injecit	1
volo	1
eamus	1
completae	1
obstruxerunt	1
cogebant	1
struem	1
sanavit	1
nefarium	1
vocabuntur	1
insequitur	1
septingenti	1
scortum	1
linies	1
comederitis	1
sacculi	1
jungamus	1
tristior	1
oneratisque	1
concluserat	1
optime	1
ramesses	1
gratis	1
narrans	1
coluber	1
praeparavi	1
conceperunt	1
futuri	1
habitatio	1
pulchritudinis	1
appositis	1
properate	1
fecero	1
aradium	1
lapide	1
addiditque	1
circumcidi	1
vestimenti	1
retrudi	1
opprimens	1
defuerit	1
esuriente	1
referret	1
terramque	1
imposuerunt	1
pede	1
ibidem	1
egeris	1
implete	1
conjuge	1
vocemus	1
equi	1
caecitate	1
adaquemus	1
consuetudinis	1
petimusque	1
interfice	1
obduxero	1
pepererim	1
favillam	1
altaris	1
titulus	1
interrogaretur	1
sepulto	1
tributis	1
decimum	1
festinavitque	1
rufa	1
tantaque	1
coaequaretur	1
minui	1
tigris	1
arguere	1
sublime	1
praebebantur	1
credulus	1
ingrediebantur	1
tangeres	1
justi	1
habui	1
apertae	1
sumat	1
dispensatorem	1
egrediens	1
robustissimam	1
publicis	1
diversorum	1
spiritum	1
cupiebas	1
auream	1
effuderit	1
imperaverunt	1
duxi	1
congregationesque	1
desiderium	1
eductum	1
recipies	1
relinquet	1
sequeris	1
mendacii	1
respersos	1
benedicentibus	1
vocabatur	1
horror	1
processerant	1
deduxerunt	1
effundebatur	1
risi	1
arari	1
ostendi	1
conditione	1
ascendente	1
sterilitatis	1
conduxi	1
furvum	1
sopore	1
praevalebis	1
istud	1
confortate	1
graviter	1
balaan	1
asarmoth	1
putasne	1
prolatisque	1
licentiam	1
dividentur	1
sanusne	1
statuta	1
utramque	1
miseriam	1
multiplicari	1
ripa	1
indigeo	1
stes	1
dicitur	1
desiderio	1
byssina	1
inclina	1
relinquo	1
mortui	1
finitisque	1
irrigandum	1
relinquere	1
adultis	1
bellantia	1
suscipio	1
auram	1
ascensor	1
zavan	1
jeser	1
dominamini	1
possideat	1
extendas	1
abjicite	1
proficiscemur	1
revertentur	1
pronusque	1
aegyptiae	1
peccares	1
obstupuerit	1
ornatus	1
scalam	1
dudum	1
quaerentis	1
introduxeris	1
separatis	1
colore	1
eripere	1
plurimi	1
auferres	1
deprecanti	1